Event name,Genre,Start date,End date,Time,Location,Description,Time of creation,
Truth, Clubnight, 2019-05-05, 2019-05-06, 08:00 - 04:00," Brixton, ",N/A, 2019-03-17 | 23:17:10, 
Litty again, Party, 2019-08-08, 2019-08-09, 19:30 - 03:00, Elephant and Castle,N/A, 2019-03-17 | 23:18:20,
The Beard, Sports, 2019-05-24, 2019-05-24, 12:00 - 16:00, Finsbury Park, Basketball training camp for ages over 12+, 2019-03-17 | 23:19:20,
Food Wars, Dinner/Social, 2019-09-21, 2019-09-21, 18:00 - 23:00, Soho, Best buffet in town, 2019-03-17 | 23:20:21,
The Assassination Vacation Tour, Concert, 2019-04-01, 2019-04-01, 19:00 - 01:00, The O2," Listen to top artists such as Drake,  Tory Lanez, etc.", 2019-03-17 | 23:21:41,
Suits, Award Ceremony, 2019-07-09, 2019-07-10, 20:00 - 04:00, Leicester Square, N/A, 2019-03-17 | 23:22:38,
